{
  "id": "",
  "name": "",
  "font_family": "iconfont",
  "css_prefix_text": "icon-",
  "description": "",
  "glyphs": [
	{
	  "icon_id": "22938601",
	  "name": "二维码",
	  "font_class": "erweima",
	  "unicode": "e513",
	  "unicode_decimal": 58643
	},
    {
      "icon_id": "83025001",
      "name": "list",
      "font_class": "list",
      "unicode": "e650",
      "unicode_decimal": 58960
    },
    {
      "icon_id": "84538228",
      "name": "眼睛",
      "font_class": "eye-close",
      "unicode": "e600",
      "unicode_decimal": 58880
    },
    {
      "icon_id": "84538229",
      "name": "二维码",
      "font_class": "erweima",
      "unicode": "e625",
      "unicode_decimal": 58917
    },
    {
      "icon_id": "84538230",
      "name": "二维码",
      "font_class": "erweima1",
      "unicode": "e88d",
      "unicode_decimal": 59533
    },
    {
      "icon_id": "84538231",
      "name": "支付宝",
      "font_class": "zhifubao",
      "unicode": "e603",
      "unicode_decimal": 58883
    },
    {
      "icon_id": "84538232",
      "name": "QQ",
      "font_class": "QQ",
      "unicode": "e739",
      "unicode_decimal": 59193
    },
    {
      "icon_id": "84538233",
      "name": "微博",
      "font_class": "weibo",
      "unicode": "e7a4",
      "unicode_decimal": 59300
    },
    {
      "icon_id": "84538234",
      "name": "眼睛",
      "font_class": "yanjing",
      "unicode": "e671",
      "unicode_decimal": 58993
    },
    {
      "icon_id": "84538235",
      "name": "微信",
      "font_class": "weixin2",
      "unicode": "e631",
      "unicode_decimal": 58929
    },
    {
      "icon_id": "84538236",
      "name": "米家",
      "font_class": "mijia_huaban",
      "unicode": "e601",
      "unicode_decimal": 58881
    },
    {
      "icon_id": "84538237",
      "name": "电脑图标",
      "font_class": "diannaotubiao",
      "unicode": "e655",
      "unicode_decimal": 58965
    },
    {
      "icon_id": "84538238",
      "name": "小米商城",
      "font_class": "xiaomishangcheng",
      "unicode": "eb28",
      "unicode_decimal": 60200
    },
    {
      "icon_id": "84538239",
      "name": "眼睛",
      "font_class": "yanjing1",
      "unicode": "e61c",
      "unicode_decimal": 58908
    },
    {
      "icon_id": "84538240",
      "name": "眼睛",
      "font_class": "yanjing2",
      "unicode": "e682",
      "unicode_decimal": 59010
    },
    {
      "icon_id": "84538241",
      "name": "icon-69-圆形时钟",
      "font_class": "icon69yuanxingshizhong",
      "unicode": "e649",
      "unicode_decimal": 58953
    },
    {
      "icon_id": "84538242",
      "name": "搜索",
      "font_class": "icon",
      "unicode": "e60b",
      "unicode_decimal": 58891
    },
    {
      "icon_id": "84538243",
      "name": "小米购物车 ",
      "font_class": "xiaomigouwuche",
      "unicode": "e602",
      "unicode_decimal": 58882
    },
    {
      "icon_id": "84538244",
      "name": "企业",
      "font_class": "qiye",
      "unicode": "e67e",
      "unicode_decimal": 59006
    },
    {
      "icon_id": "84634050",
      "name": "圆形右箭头",
      "font_class": "arrow-1-right",
      "unicode": "e604",
      "unicode_decimal": 58884
    },
    {
      "icon_id": "84634051",
      "name": "购物车",
      "font_class": "gouwuche",
      "unicode": "e717",
      "unicode_decimal": 59159
    },
    {
      "icon_id": "7230733",
      "name": "大于号",
      "font_class": "dayu",
      "unicode": "e512",
      "unicode_decimal": 58642
    }
  ]
}
